channel_name,txn_count,gmv,net_revenue,cashback_cost,processing_cost,unique_users,margin_pct,total_cost,efficiency_ratio,gmv_share_pct
CARD,7145,2132735.56,5896.405558,24485.79,4762.75,5696,0.2764714795677717,29248.54,0.2015965774018122,14.945530615973116
NETBANKING,2303,671280.05,1986.556556,7565.05,1523.01,2127,0.2959355869431841,9088.06,0.21858972718049838,4.704116500578705
UPI,33381,10051364.29,30032.449461,113505.97,22475.12,13371,0.2987897821082754,135981.09,0.22085754321428075,70.43675528554222
WALLET,4719,1414675.91,4616.091242,15606.91,3203.71,4049,0.32630026491367914,18810.62,0.2453981443461194,9.91359759790596
