category,txn_count,gmv,net_revenue,cashback,unique_users,margin_pct,gmv_share
Entertainment,6917,2096792.27,5767.332297,24273.76,5563,0.27505501520186354,14.693651502964936
Food,7623,2288791.77,7051.853667,25499.71,5972,0.3081037672116411,16.039122765000595
Retail,7735,2335367.68,7760.046265,25778.77,6034,0.33228370553625197,16.365511887931433
Transport,9396,2805310.35,7739.909924,32656.16,7013,0.27590209133189125,19.658720241543328
Travel,8454,2514747.3,8071.234355,27586.67,6459,0.3209560799607976,17.622547055756748
Utilities,7423,2229046.44,6141.126309,25368.65,5818,0.27550463726543084,15.620446546802958
